{
  "Total" : {
    "transaction" : "Total",
    "sampleCount" : 1,
    "errorCount" : 0,
    "errorPct" : 0.0,
    "meanResTime" : 154.0,
    "medianResTime" : 154.0,
    "minResTime" : 154.0,
    "maxResTime" : 154.0,
    "pct1ResTime" : 154.0,
    "pct2ResTime" : 154.0,
    "pct3ResTime" : 154.0,
    "throughput" : 6.493506493506494,
    "receivedKBytesPerSec" : 123.26882102272728,
    "sentKBytesPerSec" : 0.7546164772727273
  },
  "HTTP Request" : {
    "transaction" : "HTTP Request",
    "sampleCount" : 1,
    "errorCount" : 0,
    "errorPct" : 0.0,
    "meanResTime" : 154.0,
    "medianResTime" : 154.0,
    "minResTime" : 154.0,
    "maxResTime" : 154.0,
    "pct1ResTime" : 154.0,
    "pct2ResTime" : 154.0,
    "pct3ResTime" : 154.0,
    "throughput" : 6.493506493506494,
    "receivedKBytesPerSec" : 123.26882102272728,
    "sentKBytesPerSec" : 0.7546164772727273
  }
}